1,Clowns & Balloons
1,Creep
1,Draconus
1,Red Max
1,Zybex
2,Amaurote
2,BMX - Simulator
2,Dropzone
2,Q-Bert
2,Raid over Moscow
2,The Adventures of Barsak the Dwarf
3,Alley Cat
3,Master of the Lamps
3,Maze War (Multi-Joy)
3,Molecule Man
3,Spindizzy
3,Spy vs. Spy
4,Boulder Dash Birds 001
4,Mouse Trap
4,Polar Pierre
4,Road Race
4,Spellbound
4,Stealth
4,Tumble Bugs
5,Encounter
5,Feud
5,Laser Hawk
5,Miner 2049er
5,Prima Boulderdash
5,Zorro
6,Ghost Chaser
6,Jungle Hunt
6,Ollie's Follies
6,Sun Star
6,Topographie Deutschland
6,Topographie Europa
6,Topographie Welt
7,ATARI Adventure
7,Colony
7,Hacker
7,Panther
7,Screaming Wings
7,Spiky Harold
8,Blue Max: 2001
8,Carnival Massacre
8,Chop Suey
8,Colossus Chess 4.0 (Title Version)
8,Night Mission
8,Stranded
8,Tank Commander
8,Way Out
9,Amphibian !
9,BC's Quest for Tires
9,Bubble Trouble
9,E.T. Phone Home !
9,Fantastic Voyage
9,Jumpman Junior
9,Kid Grid
9,Mr. TNT
9,Popeye
9,Rally Speedway
9,Shamus: Case II
9,The Last Guardian (Title Version)
9,Topper
10,ATARI Basketball
10,Ball-Cracker XL (Title Version)
10,Bio-Defense
10,Collapse
10,Computer Chess
10,Crazy Scooter
10,Eastern Front 1941
10,Jumbo Jet Pilot
10,Megagun
10,Pitfall
10,Sargon II
10,Silicon Warrior
10,Super Cobra
10,Theatre Europe
11,Archon
11,Deathzone
11,Dig Dug
11,Excelsor
11,Necromancer
11,Seafox
11,Sea of Zirun
11,Snokie
11,Star League Baseball
11,Tapper
12,Archon II
12,Boulder Dash (First Star Software)
12,Boulder Dash II
12,Boulder Dash IV
12,Boulder Dash V
12,Lush World 1
12,Lush World 2
12,Lush World 3
12,Lush World 4
12,River Raid
12,Super Zaxxon
12,Zaxxon
13,Atom Smasher
13,Frogger
13,H.E.R.O.
13,Jeepers Creepers
13,Joust
13,Phobos
13,Pinball 3
13,Pooyan
13,Protector II
13,Quest for the Holy Joystick
13,Spy Hunter
14,Astrogrover
14,Escape from the Dungeon of the Gods
14,Gridrunner (Jeff Minter)
14,Jet Set Willy
14,Jumping Jim
14,King of the Ring
14,Loco
14,Megalegs
14,MegaMania
14,Missile Commander
14,O'Riley's Mine
14,Quadromania XL
14,Seawolf II
14,Shamus
14,Spaceball
15,Adventure in the 5th Dimension
15,Alf in the Color Caves
15,Blue Thunder
15,Boulder Dash
15,Cannibals
15,Danger Ranger
15,Despatch Rider
15,Donkey Kong
15,Donkey Kong Junior
15,Jet Boot Jack
15,Match Racer
15,Neptune's Daughters
15,Pool
15,Stargunner
15,The Bean Machine
16,Bug Off !
16,CS Boulder
16,Frogs and Flies
16,Gomoku
16,Gunfight
16,Juno First
16,Night Strike !
16,Pac-Man
16,Space Invaders
16,Speed - Puzzle
16,Starbowl Football
16,Star Wars - The Arcade Game
16,Star Wars: Return of the Jedi - Death Star Battle
16,Steeple Jack
16,Up'n Down
17,Berzerk
17,Birth of the Phoenix
17,Canyon Climber
17,Countdown
17,Cube
17,Das Thera-med Zahnschutz-Spiel
17,Droids
17,Forbidden Forest
17,Major League Hockey (Multi-Joy)
17,Repton
17,Up Up and Away
18,Angleworms II
18,Arkanoid II
18,Aztec
18,Flak
18,Magneto Bugs
18,Perxor
18,Salmon Run
18,Starfire
18,The Incredible Laboratory
19,"Aztec Challenge (1982, Title Version)"
19,Cyclod
19,Draconus (Title Version)
19,Mike's Slot-Machine Version II
19,Monkey Magic
19,"Questprobe 1: The Incredible Hulk (Text Only, 16K Version)"
19,Slinky !
19,Spy vs. Spy III - Arctic Antics
20,Adventure 3: 'Mission Impossible' (Text Only)
20,Behind Jaggi Lines !
20,Claim Jumper
20,Dampfmaschine
20,Killa Cycle
20,Preppie !
20,Preppie ! II
20,Richard Petty's Talladega
20,Rosens Brigade
20,Trap Boulder 1
20,Trap Boulder 2
20,Trap Boulder 3
21,Asteroids
21,Bannercatch
21,Castles and Keys
21,Cross Fire II
21,Hacker (deutsch)
21,Kij Samobij
21,Major League Hockey
21,Minute Magic
21,Plattermania
21,Reversi
21,Space Cadet
21,Titan 1
22,Beamatron
22,Boulder Dash (Oliver Cyranka)
22,Cops 'n' Robbers
22,Dark Abyss (Title Version 2)
22,Escape from Traam
22,High Rise
22,Jr Pacman
22,Millipede (1983)
22,Super Soccer
22,Think + Work
23,Jewels of Darkness Part 1 - Colossal Adventure
23,Jewels of Darkness Part 2 - Adventure Quest
23,Jewels of Darkness Part 3 - Dungeon Adventure
23,Kung-Fu Master
23,Mountain King
23,Omidor
23,Zenji
24,Alp Man
24,Blue Max
24,Jawbreaker
24,Kennedy Approach
24,Kissin' Kousins
24,Paver
24,Star Raiders II
24,The Mansbie Quest
25,C-64 Adventure
25,"Centipede (Atari, 1981)"
25,Embargo
25,Fort Apocalypse
25,Logo-Square
25,Mr. Do's Castle
25,Oils Well
25,Pole Minowe
25,Robin Hood
25,Saratoga
25,Solo Flight
25,Wizard of Wor
26,Ataroid
26,Aztec Challenge (1982)
26,Boulder Dash Bee 001
26,Boulder Dash Fire Ant 001
26,Boulder Dash Pacman 001
26,Boulder Dash Thief 001
26,Caverns of Mars
26,Ceres
26,Chicken Chase
26,Cosmic Tunnel
26,Wall War
27,3D-Pac
27,ATARI Tennis
27,Bad Bat Bart
27,Captain Cosmo
27,Congo Bongo
27,Ducks Ahoy !
27,Fight
27,Frogger II - Threee Deep
27,Juice !
27,Spy's Demise
27,The Princess and the Frog
27,Wing Wars
28,Alphabet Zoo
28,Boulderdan 1
28,Boulderdan 2
28,Ghostbusters
28,Mirax Force
28,Motorcross 800
28,Rocket Repairman
28,Whomper Stomper
29,Awati
29,Basic Burger
29,Bristles
29,Cuttle Mania !
29,Mario Bros.
29,Mickey in the Great Outdoors
29,Moon Patrol
29,The Tail of Beta Lyrae
29,Xagon
29,Zone Ranger
30,Buck Rogers
30,Computer War
30,Flip and Flop
30,Homepong
30,Let's Hop
30,Matterhorn
30,Moon Shuttle
30,Mr. M
30,Pacman
30,Planetary Defense
30,Space Travel
30,Special Delivery
31,Blue-Print
31,Countermeasure
31,Cross Fire
31,Defender
31,Gyruss
31,Maxwell Manor - Skull of Doom
31,Ms. Pac-Man
31,Pole Position
31,Silicon Warrior (Multi-Joy)
31,Twilight World
32,Capture the Flag
32,Elevator Repairman
32,Erg
32,Final Orbit
32,Gorf
32,Green Beret
32,Montezuma's Revenge ! (preliminary version)
32,Tank
32,The Math Works - Addition
32,The Spy Strikes Back !
32,Tree Surgeon
33,Astromeda
33,Moogles
33,Pitfall II - Lost Caverns
33,Pitstop II
33,Poker SAM
33,Pole Position - Race Designer
33,Quasimodo (1983)
33,Robbo - The New Amazing Adventures
33,Sea Dragon
34,Arax
34,Buried Bucks
34,"Centipede (Atari, 1982)"
34,Crystal Castles
34,Hardhat Willy
34,James Bond
34,Kangaroo
34,Missile Command (Title Version)
34,Rocks !
34,Spider City
34,Tomahawk
35,Astro-Droid
35,Breath of the Dragon
35,Elektra Glide
35,Grisu
35,Leaderboard Golf
35,The Extirpator !
36,DoughtyDan Remix
36,Haunted Hill
36,K-Razy Shootout
36,Ninja
36,Rampage (Title Version)
36,The Great American Cross-Country Road Race
36,Warhawk
37,Caverns of Eriban
37,Knibble Eat 1
37,Knibble Eat 2
37,Knibble Eat 3
37,Milk Race
37,Moon Patrol (Avalon Hill)
37,Tales of Dragons & Cavemen
37,The Activision Decathlon
37,World Karate Championship
38,F-15 Strike Eagle (Title Version)
38,Hellcat Ace
38,Smack
38,War-Copter
38,Weltraumkolonie
39,Boulder Dash Dig Dug 001
39,Boulder Dash Ninja 001
39,Bounce Ball
39,Chimera
39,Dan Strikes Back
39,Desmond's Dungeon
39,Lost Tomb
39,Mankala
39,Maxter Mind
39,Power Down
39,Protector
39,Stratos
39,Tennis
40,Blast !
40,Caterpiggle
40,Cosmic Defender
40,Crystal Raider
40,Gladiator
40,Laser Gates
40,Little Devil
40,Odin
40,Super Pacman
40,Tales of Dragons & Cavemen (Title Version)
40,The Warsaw Robbo
40,Wyzle !
41,Butterflies
41,Checkers (Odesta)
41,Fidget
41,Galaxian
41,Hyperblast!
41,Keystone Kapers
41,One Man and his Droid
41,Pharaohs Curse
41,Quarxon
41,The Lone Raider
41,War Games
41,Webster
42,Bruce Lee
42,Busy Baby
42,Karmic Caverns
42,Los Angeles SWAT
42,Midas Maze
42,Mig Alley Ace
42,Telefon Terror
42,Tetrix
42,The Last Will and Testament
42,Tutunkhamun
43,Beat the Beatles
43,Bomb Fusion (Title Version)
43,Fire One
43,Freaky Factory
43,Labyrinth (Jens Woehrmann)
43,Lorien's Tomb (Title Version)
43,Nexuss (Part I)
43,Unicum 2
44,Ballblazer
44,Choplifter
44,Moon Patrol (Title Version)
44,Star Wars: The Empire Strikes Back (Title Version)
44,Tank Battle (Multi-Joy)
44,The Last Starfighter
44,Uridium (Title Version)
45,BMX - Simulator (Title Version)
45,Groove
45,Kik-Start
45,National Flags
45,Raid over Moscow (Title Version)
45,Rescue
45,Stellar Shuttle
46,Airwolf
46,Billy Raster Blaster (Color Version)
46,Blue Diamonds
46,Jump!
46,Rainbow Walker
46,Speed King
46,Super Huey
46,The Final Fight
46,The Scrolls of Abadon
47,Arkanoid (Title Version)
47,Attack of the Mutant Camels
47,Dimension X
47,Frenesis
47,Guard (Title Version)
47,Monster Smash !
47,Panic Express
47,Strip Poker Candi
47,Vanguard
48,Air Strike II
48,Darts
48,Landscape
48,Mediator
48,Pinhead
48,Shadow World
48,Submarine Commander
48,Triad
48,Zone Ranger (Title Version)
49,Asteroids (Multi-Joy)
49,ATARI Basketball (Multi-Joy)
49,ATARI Soccer
49,ATARI Tennis (Multi-Joy)
49,Aztec Challenge (1983)
49,Bounty Bob Strikes Back !
49,House of Usher
49,Morky
49,Motie
49,Silent Service
49,Twomaze
50,Agent U.S.A.
50,Capt. Sticky's Gold
50,Eryus (Title Version)
50,Fire Chief
50,Slot-Machine
50,Space Lobsters
50,The Living Daylights
51,Grand Prix Simulator (Title Version)
51,Rescue on Fractalus !
51,Space Hawk
51,The Last V8
51,Zone X
52,Beach Head
52,Dizzy Dice
52,Druid
52,Electrician
52,Krucjata (Title Version)
52,Starquake
53,Cohen's Towers
53,Domain of the Undead
53,Droga Wojownika (Title Version)
53,Hijack !
53,Montezuma's Revenge !
53,N.Y.C. The Big Apple
53,Timeslip
53,Trailblazer
54,Gremlins
54,Leaper
54,Mr. Robot
54,Nuclear Nick
54,Pole Minowe II
54,Rebound
54,Robotron: 2084
54,Submission
54,Zeppelin
55,Bulldog
55,Chuckie Egg
55,Colossus Chess 3.0
55,Pastfinder
55,Pitstop
55,Starblade
55,Who Dares Wins II
56,Arena
56,Ballblazer (Title Version)
56,Colossus Chess 4.0
56,Knockout !
56,Pengo
56,Qix (5200)
56,Star Raiders
56,Strip Poker Marlena
56,The Cavern of Death
56,The Snapper
56,Zand's Labyrinth
57,Beamrider
57,Candy Factory
57,Labyrinthe
57,Rockford
57,Savage Pond
57,Spitfire '40
57,Sqoid II
57,Tixo
58,Action Biker
58,Arkanoid
58,A Spell of Christmas Ice
58,Fighter Pilot
58,Firefleet
58,Flying Ace
58,Professional Roulette
58,River Rescue
58,Star Trek
58,The Rifts of Time
58,Time Runner
59,Captain Beeble
59,Citadel Warrior
59,Don's Ball
59,Silicon Dreams Part 1 - Snowball
59,Silicon Dreams Part 2 - Return to Eden
59,Silicon Dreams Part 3 - The Worm in Paradise
60,180
60,Bilbo
60,Chicken
60,Collision Course
60,Jack & Jill
60,Mr. Dig
60,Nim 2
60,Pogoman
60,Ram Test
60,Satan's Hollow
60,Snooker 87
61,Abracadabra !
61,Death Race
61,Moon Beam Arcade
61,Nadral
61,Picnic Paranoia
61,PQR II
61,Storm Part 1: Una Cum's Lair
61,Turmoil
61,Wizard Spell
62,Alien Swarm
62,Beer Belly Burt in Brew Biz
62,Monopoly
62,Olympic Skier
62,Pooyan (Title Version)
62,Spelunker
62,Tarzan of the Apes
63,Ali Baba and the Forty Thieves
63,Footballer of the Year
63,Henry's House
63,Superman - The Game
63,The Atari Safari
63,Treasure
64,Alien Attack (Visionaire Software)
64,Astrowarriors
64,Centipede (5200)
64,Diggerbonk
64,Flying Bombs
64,Hoehlen-Herbert
64,Match Up!
64,Numtris
64,Transmuter
65,Drelbs
65,Factor Blast
65,Jocky Wilson's Compendium of Darts (Title Version)
65,Spy vs. Spy II - The Island Caper
65,The Goonies
66,Adventure Creator
66,Baja Buggies
66,Fighter Pilot (Digital Integration)
66,Humpty Dumpty
66,Karateka
66,Magic Castle
66,Squish 'Em
67,Capital !
67,Master Chess
67,Micro Chess
67,Mr. Cool
67,M.U.L.E.
67,Schreckenstein
67,Yogi Bear and Friends in the Greed Monster (Title)
68,Creepshow
68,Gauntlet
68,Hot Lips
68,Jaskiniowiec (Title Version)
68,The Last Chance
69,Colony 7
69,Hockey
69,Pyramid Run
69,Robbo SWS-01
69,Robbo SWS-02
69,Robbo SWS-03
69,Robbo SWS-04
69,Robbo SWS-05
69,Sigma Delta Gamma 7
69,Space Eggs
69,Whirlinurd
70,Ant-Eater
70,Biene Maja
70,Jane's Program
70,Java Jim
70,Laser Duell
70,Motorcycle Maze
70,Pie Man
70,Polar Explorer
70,Robbo 32 A.K. Ver.I
70,Robbo 32 A.K. Ver.II
70,Seeschlacht
70,Skateboard
70,Space Dungeon
70,Strip Poker Suzi
70,Tricky Tracks
71,Caverns of Mars II
71,Outlaw
71,Robbo SWS-06
71,Robbo SWS-07
71,The Mad Marble Maze
71,Winter Olympiad 88
72,Bacterion !
72,Musical Pilot
72,Robbo SWS-08
72,Robbo SWS-09
72,Robbo SWS-10
72,Sea Bandit
72,Winter Olympiad 88 (320 XE)
73,Destiny: The Cruiser
73,Hard Hat Mack
73,Journey to the Planets
73,Matchboxes
73,Playful Professor Math Tutor
73,Springer
73,Strip Poker Melissa
74,Cambodia
74,Cypher Bowl
74,Diamonds
74,Maniac Miner
74,Mr. Bear
74,Reversi (Russ Segal)
74,R.O.T.O.
74,Snake Byte
74,Typo
74,Universal Hero
74,Zybex (Title Version)
75,Blinky's Scary School (Title Version 2)
75,Bowling
75,Cat Nap
75,Ernie's Magic Shapes
75,Gunlaw
75,Playful Professor Mathe Boom
75,Silicon
75,SS Achilles
75,The Dreadnaught Factor
76,Aura B.B.S.
76,Cuthbert goes Walkabout
76,Frank and Mark
76,Galactic Chase
76,Highway Duel
76,Marauder
76,Pensate
76,Spiderquake
77,Dog Daze Deluxe
77,Fuck Commodore
77,Gauntlet
77,Legionnaire
77,Masterblazer
77,Ninja Commando (Title Version)
77,Simulated Computer II
77,Skywriter
77,Snooker
78,Fiji (130 XE)
78,HardBall
78,Jumpjet
78,Movie Musical Madness
78,Pacific Coast Hwy
78,Plant Panic
79,Crazy Dash 1
79,Crazy Dash 2
79,Crazy Dash 3
79,Crazy Dash 4
79,Crazy Dash 5
79,Crazy Dash 6
79,Crazy Dash 7
79,Knibble Dash 1
79,Knibble Dash 2
79,Knibble Dash 3
79,Knibble Dash 4
79,Knibble Dash 5
79,Knibble Dash 6
79,Knibble Dash 7
79,Knibble Dash 8
80,Koronis Rift (130 XE)
80,Livewire
80,Robbo SWS-11
80,Robbo SWS-12
80,Robbo SWS-13
80,Rum Runner
80,Stichting Pokey Game
80,The Potion
81,Apple Panic
81,Blinky's Scary School (Title Version)
81,Dives Ted Bell
81,Lord of the Orb
81,Meteor Storm
81,Sqoid
81,Super Bunny
81,Winter Olympics
82,Action Quest
82,Arex
82,"Aztec Challenge (1983, Title Version)"
82,Chopper Hunt
82,Combat Leader
82,Cosmic Glob
82,Crypts of Plumbous
82,Equestrian
82,Killer 'Thello (Multi-Joy)
82,Pharaoh's Pyramid
82,Survivor
82,Zombies
83,Avalon Quiz
83,Batty Builders
83,Darkness Hour
83,Guardians of the Gorn
83,Nautilus
83,Ozzy's Orchard
83,Plastron
83,Trong
83,Uczen Czarnoksieznika
83,Upior
84,Cavelord
84,C'est la Vie
84,Henri
84,Lawkeeper
84,Neuroid
84,Puzmania Schame
84,The Big House
85,Adventure 4: 'Voodoo Castle' (Text Only)
85,Adventure 7: 'Mystery Fun House' (Text Only)
85,Back Track
85,Battle Ships
85,Bewesoft's Race
85,Big Bird's Special Delivery
85,Caves of Madness
85,Dalej Niz Slonce
85,Jurassic Park
85,Laser Strike
85,Robal (Tajemnice Atari)
86,Chambers of Zorp
86,Cytron Masters
86,Destination: Unknown
86,Flip' des Pirates
86,Rat Race
86,Roundabout
86,The Comet Game
86,Video Slot Machine Poker
87,Arcade Fruit Machine
87,Evolution
87,Food Fight
87,Heart Break
87,Table Football M4+ (Multi-Joy)
87,Time and Magik Part 2 - Red Moon
88,Galahad and the Holy Grail
88,Homer's Honey Craze
88,Jocky Wilson's Darts Challenge
88,K-Razy Antiks
88,Lizard
88,Oczko
89,Canyon Runner
89,Joe Blade
89,Killa Cycle (Multi-Joy)
89,Oxygene
89,Twerps
89,"Warrior of RAS, Volume Two: Kaiv"
90,Lunar Leeper
90,Microx
90,Mission
90,Mr. Do !
90,Space Station 2048
90,Yogi's Great Escape
91,Alpha Shield
91,Fly Blaster
91,Krazy Katerpillars
91,On-Track
91,Operation Whirlwind
91,Orbit
91,Pogo Joe
91,Pool 1.5
91,Technoid
92,Battleroom (Multi-Joy)
92,Floor Walker
92,Genesis
92,Rescue at 94K
92,Sneakers
92,The Convicts
92,The Exterminator
92,Uridium
92,Yargos Dilemma Pt 1
92,Yogi Bear and Friends in the Greed Monster
93,California Gold
93,Cloud Hopper
93,Colossus Chess 4.1
93,Planet Attack
93,Qb'
93,Space Blaster
93,Space War
93,The Citadel
93,Viper
93,Xevious
93,Zardon
94,Classroom Chaos
94,Poussinet
94,Raid on Gravitron
94,Sky Blazer
94,Space Shot
94,Technoid (Intro Version)
94,Yogi's Great Escape (Title Version)
95,3-D Tic-Tac-Toe
95,Acey-Deucey
95,Bomb Down
95,Cooltris
95,Krazy Kopter
95,Livewire 2
95,Mathematics Action Games - Space Journey
95,Mysterious Adventure No. 11 'Waxworks'
95,Piranha
95,Raiders of Space
95,Round Up
95,Tetris 3D
95,The Fish-Adventures of Mr. Fish
95,Whoops 2
95,Xpoker
96,Fatum
96,Fire Bug
96,Hydraulik (ASF)
96,Krucjata
96,Micro Man
96,Rambug II
97,Droga Wojownika
97,Gato (130 XE)
97,Jumping Jack
97,Super mini Robbo
97,Vicky
98,235U
98,Diamond Trail
98,Megablast (130 XE for digitized Music)
98,Sexversi
98,The Wall
99,Black Lamp
99,Kupiec
99,Retrofire !
99,Vicky (Intro Version)
100,Dark Abyss
100,Hawkmoon
100,Kult
100,Lorien's Tomb
100,Zeus
101,Around the Planet
101,Axilox
101,Bank Bang !
101,Eureka
101,Fill'er Up ! II
101,Rockman
102,Adax
102,Dziedzictwo Gigantow
102,Jaffar
102,Midnight
102,The Last Guardian
102,Zbir
103,Barahir
103,Labirynty Robbo
103,Magia Krysztalu
103,Miny
103,Najemnik - Powrot
104,Deimos
104,Fred
104,Hydraulik
104,Major Bronx
104,Miecze Valdgira II
104,Najemnik
105,Captain Gather
105,Centurion - Defender of Rome
105,Gallahad (Intro Version)
105,Riot
105,Samurai's Game
105,The Kill Zone !
106,Balls 'n' Boobies
106,Carnival (PCS)
106,Fortress
106,Gallahad
106,Krazy Kopter version two
106,Lighthouse
106,Polish Game Robbo
106,Redhead's Revenge
106,Space Hawks of Avabana 4
106,Xenon Raid
107,Blip !
107,Cimex Rex
107,Fortune Hunter
107,Laserbase (Title Version)
107,Pro Mountain Bike Simulator
107,Space Bowl
107,Stack Up
107,Tigris
107,Wavy Navy
107,Wloczykij
108,Adventure 1: 'Adventureland' (Text Only)
108,Adventure in Time
108,Air Hockey
108,Air-Raid !
108,Air Support
108,Amazing
108,Analog Man
108,Android
108,Andromeda
108,Androton
108,Ankh
108,Jackpot
108,Kulki
109,Agent 009
109,Arachnid
109,Ardeny 1944
109,Astron IX
109,Atarivia
109,Aurum
109,Ball Trap
109,Block Puzzle
109,Boing II
109,Bricklayer's Nightmare
109,Czarny Orzel
110,Adventure 5: 'The Count' (Text Only)
110,Buffalo Stampede
110,Burgers !
110,Chomper
110,Cosmic Life
110,Cosmic ------> Zap
110,Craps Simulator
110,Crash Dive
110,Cyrtabor
110,Cywilizacja
110,Da' Fuzz
110,Floyd the Droid goes Blastin'
110,G Men
110,Patrol Nighthawk One
110,Perly Orckyego
111,Dagobar
111,Darg
111,Deluxe Invaders
111,Diamond Mine
111,Don't Shoot that Word !
111,Dr. Seuss Fix-Up the Mix-Up Puzzler
111,Drop it
111,Escape from Doomworld
111,Jetman
111,Klystron Raider
111,Mike's Casino
112,Dynakillers
112,Eryus
112,Fraction Fever
112,Global War
112,Golfer
112,Shatablast
112,"Warrior of RAS, Volume One: Dunzhin"
113,H2O
113,Helix
113,Hivmania
113,Hlavolam 1
113,Hlavolam 2
113,Juggler
113,K-Robbo No.1
113,K-Robbo No.2
113,K-Robbo No.3
113,K-Robbo No.4
113,Nemo's Vault
113,Questprobe 1: The incredible Hulk (Text Only)
113,Snowplow
114,Magia
114,Meltdown
114,Missmind -Sara-
114,Mogul Maniac
114,Monstrum
114,Montana Test #7
114,Shit
114,Sisyphos
114,Skarbnik
115,Muff
115,Mysterious Adventure No. 9 'Perseus & Andromeda'
115,Neron
115,Ninja Commando
115,Pillbox
115,Stone Fire
115,Stun Trap
115,Swiat Olkiego
116,Adventure 2: 'Pirate Adventure' (Text Only)
116,Pirates Cove
116,Przemytnik
116,Saigon the Final Days (Text Only)
116,Saper
116,Saper X1
116,Sargon III
116,Score Four
116,Seahorses
116,Star Trux
117,Sesame Street Letter-Go-Round
117,Shadow Hawk One
117,Sidewinder II
117,Simple Minds
117,Slide
117,Smus
117,Star Crystals
117,Static
117,Streets
118,Adventure 13: 'Sorcerer of Claymorgue Castle' (Text Only)
118,Saper (Latinus)
118,Sludge
118,SOS Saturn
118,Spark Bugs
118,Speed Matter
118,Stargate Courier
118,Star Intruder
118,Starion
118,Star Island
118,Star Rider
118,Stars
118,Trix
118,Troll War
119,Questprobe 2: Spiderman (Text Only)
119,Speed Hawk
119,Spy Games
119,Spy Master
119,Tax Dodge
119,Taxicab Hill
119,Tusker
120,Strzyga
120,Super Fortuna
120,Super Husa
120,Syn Boga Wiatru
120,T.G.I.F.
120,Thrax Lair
120,Tracer
120,Trial by Fire !
121,Blip
121,Mysterious Adventure No. 10 'Ten Little Indians'
121,Tactic
121,Tawerna
121,Tiger Attack
121,Troll War II
121,TT Racer
121,Tuptus
121,Up for Grabs
121,Zuzel
122,Mysterious Adventure No. 2 'The Time Machine'
122,Onslaught
122,Syntron
122,The Jet Action
122,Thinker
122,Timebound
122,Trion
122,Triumph
122,V.C.
122,Weakon
122,World Soccer
123,Change
123,Eggard
123,Electra
123,Eliminator
123,Eliza
123,Football
123,Hazard Run
123,Micro Shuttle
123,Slither
123,The E Factor
123,The Electroids
123,Turbican
124,Heavy Metal
124,Karate Champ
124,Kasiarz
124,Kayos
124,Kazoo
124,K-Star Patrol
124,Labyrinth (Dave Oblad)
124,Laser Ants
124,Lepus Revenge
124,Lifespan
124,Linking Logic
124,Lowca
125,Lucifer's Realm (Text Only)
125,Mathematics Action Games - Pyramid Puzzler
125,Olympic Dual
125,Pac-Man (Eric Wolz)
125,Pac Man
125,Pang
125,Plaque Man
125,Popcorn !
125,Prizrak Nuly
125,Pushy Pig
125,Puzzle Gates of the Incas
125,Quest for Quintana Roo
125,Rack 'em Up !
125,The Paradise Threat
126,3-D Red Baron Dogfight/Flight Simulator
126,Kickback
126,Logic Levels
126,Lunar Defender
126,Millipede (1984)
126,Munchy Madness
126,Munsiepede
126,My Jong
126,Myriapede
126,Nordic Ski
126,Operation: Novatari
126,Pac Man (Martin Day)
126,Road Block
126,Ruff and Reddy
127,Amazed
127,Boulder Max 1
127,Boulder Max 2
127,Emerald Isle (Text Only)
127,Meteor
127,Missile Command
127,Photo Finish - Greyhound Racing
127,Puzzle Panic
127,Railking
127,Rats' Revenge
127,Rebel Fighter
127,Snow Ball Fight
127,Spider Invasion
127,Swamp Chomp
128,Crack my Luggage
128,Demon Attack
128,Easy Money
128,Emil - Hilf
128,Escape from Satellite A19790C
128,Espial
128,Exocet Blastoff
128,Firebird
128,Math Busters
128,Maze War
128,Pushky
128,Rip Off !
128,Robbo V
128,The Robox Incident
128,Worm War 1
129,Demon Hunt
129,Fastgammon
129,Master Head
129,Mines !
129,Mysterious Adventure No. 8 'Wizard of Arkyz'
129,Renaissance
129,River Rat
129,Rome and the Barbarians
129,Water Ski School
129,Whiz Kid
129,Wisielec
129,Wladca
129,Worms ?
130,Contagion
130,Facemaker
130,Fast Eddie
130,Froggie
130,Galactic Avenger
130,Maneuvering
130,Moonbase IO
130,Moon Marauder
130,Mouskattack
130,Orc Attack
130,Revenge of the Plutonian Flies
130,Robin Wojownik Czasu
130,Rough Rider
130,The Clash of Kings
130,Warlok
131,Castle Attack
131,Catapede
131,Cellar Terror
131,Copter Chase
131,DiGi Duck
131,Fear
131,Gateway to Apshai
131,Getaway !
131,Ghost !
131,Ghost Encounters
131,Ghost Hunter
131,Go
131,Gun-Powder-Charlie
131,Killer 'Thello
131,Labyrinth
132,Battle in the B Ring
132,Bonk
132,Crab Nebula
132,Gossip
132,Gumball
132,Halftime Battlin' Bands
132,Kaboom !
132,Kapitan Planeta
132,Kids on Keys
132,K-Razy Kritters
132,M*A*S*H
132,Mysterious Adventure No. 1 'The Golden Baton'
132,The Last Warrior
132,Tron
133,ATARI Invaders
133,Atartris
133,Ballistic Interceptor
133,Bug Attack
133,Bug Hunt (130 XE)
133,Crazy Clown Jumper
133,Crowley Manor
133,Demon Racer
133,Dog Daze
133,Dreadnought
133,Genetic Drift
133,Hans Kloss
133,Lazer Type
133,The Duelists
134,ATARI Blackjack Casino
134,Attack at EP-CYG-4
134,Boulder Bombers
134,Boulders and Bombs
134,Bumperball
134,Caverns of Khafka
134,DeathLand
134,Demon Birds
134,Devil's Dare
134,Dungeonlords
134,Fishing Fun
134,Heartlight
134,Mysterious Adventure No. 7 'Feasibility Experiment'
134,Nineball
134,Puzzlemania
135,Aural Quest !
135,Escape from Epsilon
135,Hover Bovver
135,Jungle Boy
135,Memory Manor
135,Nightraiders
135,Pathfinder
135,Pengon
135,Professor I.Q.
135,Silicon Dreams Part 2 - Return to Eden (Text Only)
135,Space Ace
135,Space Shuttle
135,The Mad Netter
135,The Pond
135,Twogun
136,Excelsor II - Stratosphere
136,Robbo
136,Robot Battle
136,Sea Chase
136,Shoot
136,Shooting Arcade
136,Space Battle
136,Speed Run
136,Speed Ski
136,Story Machine
136,Table Football
136,The Car
136,The Softoy
137,Atlantis
137,Balloonier
137,Bootleg
137,Commando
137,Reverse
137,Starfire Warrior
137,Super Cubes
137,Tank vs Tank
137,Thrust
137,Wladca (Mirage)
138,Avalanche
138,Chase
138,Chess
138,David's Midnight Magic
138,Keychase
138,Lasermania
138,Lode Runner
138,Mysterious Adventure No. 5 'Escape from Pulsar 7'
138,Sub Attack
138,Thunderbombs
138,Winter Wally
139,Bank Panik
139,Earthquake 1906
139,Falcon
139,Final Flight !
139,Galleons
139,Gypsy
139,Jagdstaffel
139,Kampania Wrzesniowa
139,Knock !
139,Miner 2049er (Title Version)
139,Mysterious Adventure No. 3 'Arrow of Death (Pt.1)'
139,Quadron
140,Battleroom
140,Blinky's Scary School
140,Chopperoid
140,Doctor Boris !
140,Hearts
140,Maniac !
140,M.U.L.E. (Multi-Joy)
140,Panic
140,Pool 400
140,The Stop Gamo !
140,Up for Grabs (Multi-Joy)
140,Zahlen Raten
141,Computer Adventure
141,Crypts of Egypt
141,Final Legacy
141,Hickory Dickory Dock
141,Highrise
141,Jigsaws - Anne Hathaway's Cottage
141,Jigsaws - Arc de Triomphe
141,Jigsaws - Bavarian Castle
141,Jigsaws - Colosseum
141,Jigsaws - Parthenon
141,Jigsaws - Tower Bridge
141,Jigsaws - Tower of London
141,Jigsaws - Windsor Castle
141,Omega
141,Sidewinder
142,Air Strike
142,Alien Ambush
142,ATC - Air Traffic Controller
142,Baa Baa Black Sheep
142,Bomb Fusion
142,Dark Star
142,Jaw Breaker
142,Porky's
142,Screwlight
142,See-Saw Scramble
142,Snowball
142,Space Invaders (5200)
142,Speedway Blast
142,Sperm Invaders
142,Star Base Fighter
143,Aquatron
143,Attack of the Mutant Camels (HesWare)
143,Challenge 5
143,Checkers
143,Crypto - Gram
143,Delight Boulder Dash 2
143,Munsiepede 2
143,Numblines
143,Odwracanka
143,Othello
143,Powerpath
143,Ship
144,Cloudburst
144,Count Down (Micro Value)
144,Defend
144,Gridwars
144,Mengcop
144,Miecze Valdgira
144,Piekielko
144,Ringmaster
144,Super Yahtsee
144,Yahtzee
145,Atomia
145,Billiards
145,Cybernome
145,Gorgon
145,Greenout
145,Kalah
145,Kitten
145,Pairs
145,Robbo Bubu
145,Scooter
145,Show Down
145,Slip
145,Unicum
146,Empire of the Over-Mind
146,Janosik
146,Robbo KMD
146,Sentinel
146,Serpentine
146,Sprong
146,Tagalon
147,Black Hole
147,Blackjack
147,Capture the Flag (Brad Timmins)
147,Cavernia
147,Climber
147,Dateline Titanic
147,Konik szachowy
147,Lasertraz
147,Periscope Up
147,Space Pussies
147,Speedbirds
148,Airline
148,BGM
148,Bumper !
148,Coco-Notes
148,Crockford's Trench
148,Sevens
148,Terminator Dash
148,Typo Attack
148,Vegas Jackpot
149,1 Million B.C.
149,Backgammon
149,Circus
149,Cocktail Backgammon
149,Medieval Era
149,Robbo PanDino
149,Robbo PanDino 2
149,Robbo Simi
149,Thunder Ball
149,Venus Voyager 2
150,California Run
150,Robbo 20 MB A
150,Robbo 20 MB B
150,Robbo 20 MB C
150,The Moreby Jewels
150,The Underworld II
150,Top Gun
150,Wumpus Hunter
150,Zeta Affair
150,Zipper
151,Piekielko (Title Version)
151,Sentinel I
151,Ski Run
151,Sneak Attack
151,Spaceball (PCS)
151,Stardate 4001
151,Tiger Hunters
151,Track Attack
151,Trolls and Tribulations
151,Tube Baddies
152,Reactor Five
152,Rescue Mission Phase 2
152,Scramble Fighter
152,Silicon Dreams Part 1 - Snowball (Text Only)
152,Sir Pacman
152,Softball
152,Space Shuttle - A Journey into Space
152,Starship
153,Diego Dash 01
153,Diego Dash 02
153,Diego Dash 03
153,Keno
153,Quick Step
153,Rampage !
153,Rescue Mission
153,The Tail of Beta Lyrae (Intro Version)
153,Time and Magik Part 3 - Price of Magik
154,Magic III
154,Modem Magic
154,Money Hungry
154,Mouse Party
154,Mysterious Adventure No. 4 'Arrow of Death (Pt.2)'
154,Pong (Robert Champagne)
154,Rychle Sipy
154,Starbrite BBS
154,Star Maze
154,The Underworld
155,Diego Dash 04
155,Hot Rod Raider
155,Moon Lover
155,Mordon's Quest
155,Nibbler
155,One for the Road
155,Oranges and Lemons
155,Peanut Butter Panic
155,Pharaoh's Revenge
155,Pinball Monster
156,Diego Dash 05
156,Heathcliff - Fun with Spelling
156,Hollywood Medieval
156,Juggles' House
156,Juggles' Rainbow
156,Kick Off
156,Knights and Wizards
156,Knights of the Round Table
156,Pakmans Brothers Revenge
156,Pegasus
156,Wizards and Dragons
157,Drutt
157,Headbanger
157,Joe Blade II (Title Version)
157,Las Vegas Casino
157,Lunar Outpost
157,Magic World
157,Pipeline
157,Wizard of ID's Wiztype
158,Astro Blaster
158,Billy Raster Blaster
158,Cosmos
158,Master Blaster
158,Minute Magic (Color Version)
158,The Best Game
159,Affenjagd
159,F-15 Strike Eagle
159,Joe Blade II
159,Lov Opic
159,Pac Munch Jr.
159,The Secret Diary of Adrian Mole - Part 1
159,The Secret Diary of Adrian Mole - Part 2
159,Thunderfox
160,Dance Fantasy
160,Duellin' Droid
160,FOURbyFOUR Square
160,Game of Live !
160,Head over Heels
160,Marinus
160,Snooker (Thorn EMI Video Programmes Ltd.)
160,The Secret Diary of Adrian Mole - Part 3
160,The Secret Diary of Adrian Mole - Part 4
161,Demon Ball
161,Dinky - Do
161,Dr. Livingston
161,E-Racer
161,Exchange
161,Golf Challenge
161,Gomoku III
161,Monster Maze
161,Robot Knights
161,Star Wars
161,Warp Zone
162,Crazy Kicker
162,Death Zone
162,Double Trouble
162,Dr. Boom !
162,Durtle Pinball
162,Galactic !
163,3-D Noughts & Crosses
163,Adventure 6: 'Strange Odyssey' (Text Only)
163,Amazing Maze
163,Astra Phantasm
163,Cargar
163,Countdown (Text Adventure)
163,Dr. Download
163,Egypt Ball !
163,Grow - Worm
163,Gumby Ball
163,Gun Boat
164,Adventure 8: 'Pyramid of Doom' (Text Only)
164,Adventure 9: 'Ghost Town' (Text Only)
164,Dwie Wieze
164,Evader
164,Galactic Empire
164,Paul's Dr. Waco
165,"Adventure 10: 'Savage Island, Part I' (Text Only)"
165,Adventure 12: 'The Golden Voyage' (Text Only)
165,Ardy the Aardvark
165,Astro Chase
165,Brian Oliva's North Shore Amisball
165,Courting Crickets
165,Five Card Stud Poker
165,Grab an Apple
165,Starbase 13
165,The Ninja Master
165,Trust
166,Alien Bugs
166,Arkanoid III
166,David's Midnight Magic II
166,Grand Prix Simulator
166,Jewels of Darkness Part 2 - Adventure Quest (Text)
166,Moon Patrol III
167,Alchemia
167,Atlantis Revenge
167,Fantastic Soccer
167,Fruit Machine Simulator
167,Rogue
167,Speed Ace
168,Jocky Wilson's Compendium of Darts
168,Mountain Bike
168,Nucleus
168,On Cue Pool 87
168,Spellbound (Title Version)
169,Frank and Mark (Intro Version)
169,Nalot
169,Protector (Mastertronic)
169,Rajd
169,Robbo Lucky
169,Robbo Lucky 2
169,Robbo NK
169,Vanadium
170,Barbarian
170,Crazy Quader
170,Cygnus X1
170,Czaszki
170,Honky
170,Revenge of the mutant Camels
171,Alien Encounter
171,Gold Hunter
171,Mad Stone
171,Monster Hunt
171,Panik
171,Space Rider
171,Speed Zone
171,The Zeta Bomb
172,Exploding Wall
172,Galaxi Barkonid
172,Matta Blatta
172,Rycerz
172,Stargate
172,Tanium
172,The Laser Robot
173,Bombay (Demoversion)
173,Dianes Magic Game
173,Mr. Proper
173,Plot's
173,Superman III
173,Thrust (Title Version)
173,Zero War
173,Zumbaja
174,Crack - Up !
174,Death Races
174,Hot Wheel
174,Jaskiniowiec (Demo)
174,Lemmings Prevision
174,Olki
174,Robal
174,Robbo Demo
174,Solltaire
175,Dark Chambers
175,Defensor
175,Pack Man
175,Race in Space
175,Raszyn 1809
175,Slime
175,Soccer
175,Znajdz i Zabij 1
176,Barnyard Blaster (130 XE)
176,Forkidz Dash 01
176,Forkidz Dash 02
176,Kenny Dalglish Soccer Manager
176,Shaft Raider
176,Whoops !
177,Airball (320 XE)
177,Axis Assassin
177,Bigfoot
177,Black Hawk
177,Chisler
177,Naturix
177,Taifun
178,Advanced Pinball Simulator
178,Air Attack
178,Ballblaster
178,Exit Watch
178,Grunwald 1410
178,Malpass the Asteroid Mines
178,Rzekotka
178,Soccer (Thorn EMI Video)
179,Guard
179,Hats
179,Knobs and Knockers
179,Technus - Technologic Soldier
180,Another World
180,Dredis
180,Mission Zircon
180,Pyramid
180,Smurf Hunting
180,Trisz Divinis
181,Artefakt Przodkow
181,Aztec (Cheat Version)
181,Cityhawk
181,Heli Killer
181,Matrix
181,Rucu
181,Wyprawy Kupca
182,Balloon Capers
182,Computer Acquire
182,Gunfighter
182,Kolo Fortuny 2
182,Missmind II -Ania-
182,The Wall (Hiassoft)
182,Tiny Pong+
182,Topless Tina
182,Warsaw Robbo II
183,Logic Games
183,Msciciel
183,Skoczek
183,Speed Fox
183,Tarkus and the Crystal of Fear
183,Tarkus and the Orbs of Doom
183,Terror House
183,Test Drive
184,Chromatics
184,Doofy
184,Fire Power
184,Four in Order
184,Gangway
184,Gold Mine
184,Kernaw
184,Mental Age
185,Crix
185,Dawn of Civilization
185,Humanoid
185,Loco Motion
185,Magic Dimension
185,Mr. Robot II
186,Castles of Confusion
186,Cosmic Pirate
186,Destroyers
186,Jetix
186,Leben
186,NATO Commander
187,Ksiaze
187,Laser Squadron
187,Leapster
187,Math Mileage
187,Missile Action
187,Outris
187,Pruters
187,Robocop
187,Valgus 2
188,Hunch Back
188,Mine Sweeper
188,Plot
188,Rampage
188,Slingshot
188,Star Sentry
188,The Glasnost Game !
189,Alex
189,Blockbuster (APX)
189,Castle Top
189,Commodore - Invaders !!!
189,Flip
189,Greener Than You Think !
189,Krampfstern Becnactica
189,Super Ball II
189,The Champion
190,Erosion
190,Force of Four
190,Kampfstern Galactica
190,Multi-Dash
190,The SDI I Adventure
190,The Stonetime People
190,Turf-Form
190,Zoltan Escape
191,Das Sylvester Adventure
191,Daylight Robbery
191,Die Ostfront 1941
191,Miniature Golf
191,Moria !
191,Polaris
191,Quasimodo (1985)
191,Sky Warrior
191,Tank Battle (Harald Siegmund)
191,Tilt
191,Tommingi
192,Bomb Blast It !
192,Dawn Raider
192,Pothole Pete
192,Progolf
192,Titan
192,Zeus (Intro-Version)
193,Barahir (Intro-Version)
193,Beneath Apple Manor
193,Posthelper
194,Atomova Katedrala
194,Big Bird's Funhouse
194,Boulder Dash VI
194,Close Assault
194,Jewels of Darkness Part 1 - Colossal Adventure (Text)
194,Sea Dragon (Title Version)
194,Video Poker
195,Alphabet Maze
195,Banzai
195,Cave Man
195,Curse of Crowley Manor
195,Jewels of Darkness Part 3 - Dungeon Adventure (Text)
195,Robbo Konstruktor (Cassette)
195,San Francisco 1906
195,Space War II
195,Tank Battle
196,Dangerous Street
196,Gunhead
196,Magnetit
196,Predator
196,Spooky Castle
196,Strike Force
197,Battle Tank
197,Bomber (A. Reeve)
197,Cervi
197,Draconus III
197,Draconus IV
197,Dynakillers Unchained
197,Multris
197,Volleyball
198,Arkanoid II (Pink Softhard)
198,B-1 Nuclear Bomber
198,Baseball
198,Bombay
198,Break Out
198,Jaffar (Title Version)
198,Ra
198,Replugged
198,Space Hunt
199,Baby Dash
199,Hard Hat Mack (B/W Version)
199,Q*bert
200,Classic
200,Cobra Raccce.. !
200,Demon
200,Ja-Jo
200,Logik
200,Magnex
200,Missing: One Droid
200,Pamiec
200,Qix
200,Speed Ball
201,Arkanoid II (Title Version)
201,Avalanche (Atari)
201,Emulator
201,Kowboj
201,Melt Down
201,Mixtrood
201,Nu Pogodi !
201,Ruleta
201,Strzelania
201,Tutankham
201,Zamek Londyn
202,Bandit Boulder Dash 2
202,Bandit Boulder Dash 3
202,Bandit Boulder Dash 15
202,Bandit Boulder Dash 16
202,Bandit Boulder Dash 52
202,Bandit Boulder Dash 54
202,Boulder Dash VII
202,Boulder Dash VIII
203,Bandit Boulder Dash 1
203,Bandit Boulder Dash 17
203,Bandit Boulder Dash 18
203,Bandit Boulder Dash 53
203,Battle Ships (B/W Version)
203,Crillion
203,Rush Hour
203,Zero War (Title Version)
204,Atartris II
204,Cecil II
204,Cementerio
204,Checker King
204,"Donkey Kong Junior (Enhanced, Title Version)"
204,Fatal Connection
204,Fighter
204,Kvadryk
204,Mirax Force (Title Version)
204,Shuttle Intercept
204,Yahtzee !
205,Flying Tigers
205,Gabi
205,Hypnotic Land
205,Kick Off (Title Version)
205,Knicker-Bockers
205,Rainstorm
206,Death by Solitaire
206,Kamikaze
206,Laserbase
206,Laser Hawk (Title Version)
206,Learning with Leeper
206,Light Races
206,Mastermatch
206,Oh Frankie
206,Robbo ver. II
206,Robbo SWS-14
207,Market Blitz
207,Mercenary - Escape from Targ
207,Mission on Thunderhead
207,Nexus
207,Roll 'em !
207,Super Huey (Title Version)
208,Magic of Words
208,Mega Blaster
208,Mickey goes Hiking
208,Napoleon at Waterloo
208,Nightmare Reflections
208,Panic Express (Title Version)
208,Raid over Walsall
208,The Castle of Cire - Nampahc
208,The Pirate !!
209,Crystal Crisis
209,Rescue Adventure
209,Shoot em Up
209,Snooker (Title Version)
209,Space Wars
209,Trencheon
209,Tretis
209,Xevious (Title Version)
209,Zaxxon (Title Version)
210,Jinks
210,Space Gunner
210,Yahtman
210,Zybex II (National Soft)
210,Zybex III
211,Blok-Head
211,Disc Hopper
211,Frank the Fruit Fiend
211,Fruit Pickin
211,Knight for a Day
211,Mutant Bats
211,Operation Crossroads
211,Raid on Gravitron (Title Version)
211,Rocketball
212,Adventure 15: 'The Treasure of Andromeda' (Text Only)
212,Fred (Title Version)
212,Gigablast
212,Knight Orc
212,Orb
212,Pong (Gary Domrow)
212,Unicorn Horn
213,Bandit Boulder Dash 7
213,Bandit Boulder Dash 8
213,Bandit Boulder Dash 9
213,Lancelot
213,Starblade (Title Version)
213,Symbolism
214,Bandit Boulder Dash 10
214,Bandit Boulder Dash 11
214,Bandit Boulder Dash 12
214,Bandit Boulder Dash 13
214,Chaos
214,Gnome Ranger
214,Street Attack
215,Culmins
215,Hot Blocks
215,Math Terminator
215,Max
215,Red Sky
215,Roulette Simulator
215,Ruff and Reddy (Title Version)
215,Target Practice
215,Tetris
215,The Survivors
216,"Adventure 11: 'Savage Island, Part II' (Text Only)"
216,Brik Bat
216,Plop
216,The Eidolon (130 XE)
216,Warlords
217,3d24
217,Modern Art Pinball
217,Odin (Title Version)
217,Pong (Mirage)
217,Snap II
218,Fatum (Intro Version)
218,Jumping Jacks Big Adventure
218,Ketchup
218,Lethal Weapon
218,Pong II
218,The World of Pleasure
219,Mongoose
219,Nightraiders (Title Version)
219,Parsec XL
219,Preppie ! (Title Version)
219,Sea Fighter
219,Tekblast
220,Air Rescue
220,Asteroids II
220,Four in a Row
220,Life in the Fast Lane
220,Misja
220,Mysterious Adventure No. 6 'Circus'
220,Ratapede
220,Revenge of 'V'
220,Taipei XL
220,The Warsaw Tetris
221,Ace Dribbler & The Roadhogs
221,FreeCell XE
221,Spy vs. Spy (Intro Version)
221,Spy vs. Spy II - The Island Caper (Intro Version)
221,Videopoly 1
222,Alien Garden
222,Spy vs. Spy III - Arctic Antics (Intro Version)
222,Survival of the Fittest !
222,The Goonies (130 XE)
222,Zumbaja (Full Version)
223,Hot Copter
223,Jaskiniowiec
223,Leaderboard Golf II
223,The Big Bump
223,Touchdown Football
224,Ballon '87
224,Cave Runner
224,Choplifter XE
224,Crystal Castles XE
224,Mission Shark
224,Pooka Pinball
224,Secret Agent: Mission 1
224,The Last Oldie
225,A Day at the Races
225,Adebar
225,Animated Puzzle
225,Battle of Britain
225,Breakout
225,Flapper
225,Millipedes (Designer Software)
225,Powerstar
225,PQR I
225,Saucer
225,Sector 10
225,Snakes and Ladders
225,Supereversion
225,"The Wall (Hiassoft, new levels)"
226,Bandit Boulder Dash 14
226,Bandit Boulder Dash 19
226,Bandit Boulder Dash 20
226,Bandit Boulder Dash 21
226,Bandit Boulder Dash 22
226,Bandit Boulder Dash 23
226,Bandit Boulder Dash 24
226,Los Angeles 1984 Games
227,Bandit Boulder Dash 25
227,Bandit Boulder Dash 26
227,Bandit Boulder Dash 27
227,Bandit Boulder Dash 28
227,Bandit Boulder Dash 29
227,Bandit Boulder Dash 30
227,Bandit Boulder Dash 31
227,Bandit Boulder Dash 32
227,Electric Starfish
227,Skirmish
227,Snakes Alive
228,Alienbusters (Blackfire !)
228,Awesome Hall
228,Beehive
228,Bobie
228,Boulder Dash (Chaos Software)
228,Boulder Dash (Iron Soft)
228,Castle Hassle
228,Dig Dug (5200)
228,Fruits
228,Krazy Mazes
228,Mazerunner
228,Sharp Shooter
228,Stellar
229,Debility
229,Debility II
229,Parodya
229,Professional Killers II
229,VU 5259
230,Kolony CS
230,Masox
230,Pohadkova Zeme
230,Test Baby
230,Zahada Tajemneho Domu
231,Hysteria
231,K-Ball2 Pinball
231,K-Ball2 Pinball (Color Version)
231,Tajemstvi Zlutych Skal
231,The Atari Jail
231,The Atari Pinball
232,Double Decker
232,He is Risen
232,Sex Ball 88
232,Stardate 4000
232,Stardust
232,Test Girl
233,Polygons !
233,Sharpie
233,Strategi
233,The Way=Jesus
233,TNT
233,Wace
234,Cloak of Death
234,Fluid-Kha
234,Harvey Wallbanger
234,Mind Buster
234,Quest for the Maltese Chicken
234,The Flinstone's Adventures
234,Z-Force
235,Drone Dusters (Targ)
235,Flappy
235,Frog
235,Gem (Multi-Joy)
235,Joe
235,Labyrinths of Kamerra
235,Raidus !
235,Saucer Adventure
235,Spare Tire
236,Othello II
236,Showdown Hockey !
236,Tomahawk (Title Version)
236,Twirlybird
237,B.L.O.U.D.
237,Carnival
237,Colorasaurus
237,Gryzzles
237,Hopper
237,Olde Gold
237,Operation 'Desert Storm'
237,Risky Rescue
237,Senso
237,Skeet Shoot
237,Teddy Bear's Picnic
237,Tron - The Light Cycles
237,Warp Attack
237,Weganoid
237,Werewolf Adventure
238,Pandemonium
238,Panzer Grenadier Scenario #2
238,Panzer Grenadier Scenario #3
238,Panzer Grenadier Scenario #4
238,Panzer Grenadier Scenario #5
238,Straight Jacket
238,Super Rover
238,Tech
238,The Island
239,Canuck Pinball
239,Fireball !
239,Merry Christmas
239,Orb (PCS)
239,Shootout at the OK Galaxy
239,Thunder Island
239,Time Bomb
240,Bombs Away !
240,Face-Up Patience
240,Koung
240,Pole Position X
240,Pole Position X+
240,Przemytnik (Title Version)
240,Super Puzzler
241,"Ardeny 1944 (130 XE for more Music, Title Version)"
241,Bremspunkt
241,Ennumereight
241,Nuclear Adventure or the Northbase
241,Shark
241,Toboggan Run
242,Beta Run
242,Cameleon
242,Laser Chess
242,Lords of Karma
242,The Atlantis Adventure
242,Tunnel Trekker
242,Turbican (Intro Version)
242,Worm
243,Double Bounce
243,Hulk Out
243,Kolo Fortuny
243,Leap Frog !
243,Light Flight
243,Magic Micro Mission 2
243,Shadow Hawk One (Title Version)
244,Arkon
244,Barbarian (130 XE)
244,Closeout !
244,Corsair !
244,Darkstar
244,King of Canadian
244,The Bow of Beura
244,The Breath of Life (part 1)
245,Crazy Ball Version II
245,Demon Attack (Title Version)
245,Dragon Story
245,Exwall
245,Fire Man
245,Full House
245,Robbo A
245,Web Master
246,Keyed-Up !
246,Killer Chess
246,Nibbler (Title Version)
246,Pong
246,Pong !
246,Simon !
246,Time and Magik Part 1 - Lords of Time (Text Only)
246,Time and Magik Part 2 - Red Moon (Text Only)
246,Time and Magik Part 3 - Price of Magik (Text Only)
247,Juno First (Title Version)
247,Myriapod
247,Pellotte
247,Reardoor
247,Reversi II
247,River Rally
247,Robbies Mission
247,Scrids
247,Skiing
247,Star Raiders (Title Version)
247,Word Invaders
247,Zack
248,Geo
248,Minefield
248,Patience !
248,Phoenix I
248,Quattuor Vincet
248,Robbo 20 MB
248,Space Zap
248,Starsquare
248,Tanks
248,The Hyams Adventure
248,The Thinking Man's Video Game
248,Tiny Mite (Germsoft)
248,Turmoil (Title Version)
249,Asteraxis 2K
249,Roulette
250,Admirandus
250,Mr. Robot (Intro Version)
250,Superfly 1K
250,Zone Patrol
251,Adventure at Vandenberg A.F.B.
251,Klondike Solitaire
251,Monster Hunt 2
251,Padajici Baluany
251,Pierwotniaki
251,Silicon Dreams Part 3 - The Worm in Paradise (Text)
251,Typing Tutor
252,Cavelord (deutsch)
252,Gumball (Intro Version)
252,King of the Castle
252,Laser Tennis
252,Operation Whirlwind (Intro Version)
252,Snake Panic
252,Spaceway
253,Blinky
253,Fuse
253,G.F.S. Sorceress
253,Mesta CR
253,Najezdzcy Z Kosmosu
253,Spacemission
253,Super Bunny (Original Version)
254,Asylum (Text Only)
254,Bridge Pro
254,Canfield's
254,Choplifter (monochrom)
254,Frantic Factory
254,Shot'em All
255,Cavelord (french)
255,Cosmic Hero
255,Deep Funk
255,Des Chiffres et des Lettres
255,Galactic Chase (Title Version)
255,Hexxagon XE
255,Joy Ride
255,Mahna-Malysz
255,Star Wars: Return of the Jedi - Death Star Battle (Title)
256,Robbo III
256,Robbo IV
256,Robbo VI
256,Robbo VII
256,Robbo VIII
256,Robbo IX
256,Robbo X
256,Robbo 653924
257,Ballblazer (Intro Version)
257,Parallax
257,Rescue on Fractalus ! (Intro Version)
257,Robbo XI
257,Robbo 76
257,Tac
258,Bunkers
258,"Questprobe 2: Spiderman (Text Only, 16K Version)"
258,Renegade
258,Strip Poker Lindsay
258,Strip Poker Marina
258,Strip Poker Sylvia
259,Spy's Demise (alternate Version)
259,Strip Poker Dominique
259,Strip Poker Earl
259,Strip Poker Ernie
259,The Official Frogger
260,Droga Do Duplandu (320 XE)
260,Maze of Agdagon
260,Mineswepper
261,Beastoids
261,Cywilizacja (Intro Version)
261,Dark Abyss (Title Version)
261,Negaquerg-II
262,Astro Road
262,Draconus II
262,Dyna Blaster
262,Mad's Revenge (The Chaotic Flipper)
262,Operation Wolf II
262,Quickness
263,Basil the Great Mouse Detective (Title Version)
263,Fortress Underground (130 XE)
263,Frantic !
263,Labyrinths
263,One on One
264,Crumble's Crisis
264,Flip and Flop (Title Version)
264,Mental Age (130 XE for extended Version)
264,Whistler's Brother
265,Bristles (Title Version)
265,Der Blitz !
265,Fire Fox
265,Karateka (130 XE)
265,Superwurm
265,The Spy Strikes Back ! (alternate Version)
266,Achtung Panza !
266,Acrobat
266,Ardy the Aardvark (Title Version)
266,Ball-Cracker XL
266,Blaster
266,Blockade
266,Golf Solitaire
266,Grand Prix II
266,Mathematics Action Games - Star Maze
266,Pirate Pond
266,Slingshot (new levels)
266,Space Trap
266,The Math Game
266,The Troglodyte
267,Beef Drop
267,Catch 88
267,C.L. Baker (130 XE)
267,Condensation
267,Cybor-Stien
267,Explorer
267,Fruit Salad
267,Galactic Explorer
267,Galactic Patrol
267,Grabit
267,Skunk
267,The Big Quest !
267,The Door
267,Uncle Henry's Nuclear Waste Dump
267,Wall Ball !
268,Back in Time
268,Brutal Karate
268,Delight Boulder Dash
268,Pyromania
268,Scorch
268,Selective Canfield (130 XE)
268,The Alphabet Factory
269,Castle Crisis
269,Flex
269,Knock-Out
269,Lemmingi (Demo)
269,Mercenary - Die Flucht von Targ
269,Space Bumpers
270,Base Hunter
270,Deneb
270,Genesis (Title Version)
270,Hunt
270,Snap II Plus
270,Trilogy
271,Kindercomp
271,Mercenary - Die Flucht von Targ: Die zweite Stadt
271,Mercenary - Escape from Targ: The Second City
271,Paragon 1.0
271,Strayball II
271,Vier gegen Willi
272,Koffi Yellow Kopter
272,Magnetix
272,Mirax Force (extended Title Version)
272,SOS Saturn (Title Version)
273,Banana
273,Break-Out
273,Gnom Factory
273,Pipeliners XL
273,Smasher
273,Sternhaufen II
273,Viro-Mania
274,Beleagured Castle (130 XE)
274,Berzerk (Kemal Ezcan)
274,Elementy
274,La Belle Lucie (130 XE)
274,Laser Cycle
274,Missile Command+
274,Shamrock (130 XE)
274,Trefoil (130 XE)
274,Winged Samurai
275,Chutes
275,Golf (130 XE)
275,Klondike (130 XE)
275,Las Vegas (130 XE)
275,Literki
275,Match (130 XE)
275,Monte Carlo (130 XE)
275,Monte Carlo II (130 XE)
276,Citadel (130 XE)
276,Double or Quits (130 XE)
276,Eagle Wing (130 XE)
276,Gaps (130 XE)
276,Osmosis (130 XE)
276,Relax
276,Streets and Alleys (130 XE)
277,Alien
277,AMP !
277,Aura Ball
277,Genius
277,HSNX 4
277,Lazy !
277,Marcus Roesner Pinball
277,Meta-Pin
278,Action Pinball
278,Happy Wheeler
278,HSN-X
278,Kay Ball
278,Mike's Pinball
278,Pin 1
278,Pin 3
278,Pin 6
279,High Speed
279,Magic (PCS)
279,New World Pinball
279,Pin II
279,Space Shuttle (PCS)
279,The Gauntlet
279,The Rose
280,Frogger (Parker Brothers)
280,Gumballs
280,Hawk Fire
280,Murderer
280,Pie Hunter
280,Superquerg Chess
280,The Golden Sword
280,The Web
280,Ufo
281,Frogger II - Threee Deep (Title Version)
281,Munchy Madness 2
281,Munchy Madness 3
281,Munchy Madness 4
281,Otello
281,Robbo 96
281,Robbo 97 A
281,Robbo 97 B
281,Robbo 98 A
281,Solitario
282,Darg II
282,Jail Break
282,Master of the Mindfire
282,Reflection
282,Space Conflict
282,Space Conflict II
282,Star Wars: The Empire Strikes Back
282,Zorro (Disk Version)
283,Atomix
283,Avex
283,Blastcom
283,Cyborg Warrior
283,Fatal Game
283,Magnetit 2002
283,Moner
284,Basil the Great Mouse Detective
284,Detonator
284,Duch
284,Johnny the Ghost
284,Starball (130 XE)
284,Strayball
284,Water Ski School 2
285,Angel Azul
285,Aqua Marina
285,Atris
285,A-Zone
285,Bellum
285,Fairy Castle
285,Odwracanka (Arsoft Corporation)
285,PCB Paranoia
285,Superfly 1K+
285,Vigilant
286,Fire
286,Fly - Busters
286,Frontier Galaxy
286,Galactic Cresta
286,Gem Drop
286,Glaggs It !
286,Piper
287,Leggit !
287,Line Kiler
287,Logistik
287,Maszyna Czasu
287,Milligreen
287,Mozaico
287,Mr. Splash
287,Teaser
288,Another Boring Space Invader Game
288,Atari Version Tetris
288,Shit Head in the Space Temple
288,Spite & Malice
288,Spy Hotel
288,Super Ball
288,Supernova
288,Tetris (U.S. Mibusoft)
288,Toque Y Fama
289,Blokers
289,Cities UK
289,Numerki
289,Pajaki II
289,Pingwinek Idzie do Szkoly
289,Quick Invaders
289,Robot Karel
289,Run for the Money (130 XE for Tutorial)
289,Serpent
290,Atarian Attack
290,Balloonacy
290,Bat Pack
290,Blazer II
290,Blockaboo !
290,Bongo
290,Bounder
290,Breakthru'
290,Bunny Busters
290,Colours
290,Escape from Syntron
290,Voyage in Time
291,Combat
291,Conquest of the Crown
291,Jump
291,Jumpin' Spider
291,Kelb
291,Kubert
291,Lawn Mower
291,Let's Frog 3D
291,Raid over Libya
291,Whirlwind
292,Caves of Rigel
292,Digger
292,Dragon's Hideaway
292,Dragons Lair
292,Flip !
292,Flood
292,The Orb of Zarramier
292,Zaxxon's Station
293,Boulder Dash 8
293,Compco Computer Cube
293,Mushroom 1.1
293,Robbo XII
293,Robbo 3 CS
293,Robbo 5
293,Robbo ver. IV
293,Robbo ver. VI
294,Batman
294,Blind
294,Bombay II
294,Bombex
294,Bruce Lee's Return
294,Castle Assault
294,Gem
294,Grateful Dead
294,The Adventures of Charlie Chicken
295,Cavefire III - Dark Caverns
295,Cervi 2
295,Croocked House
295,Diamond Mine (Blue Ribbon Software)
295,Diamond Ride
295,Double Agents
295,Laser Blaster
295,Multi Race
295,Mustak Hunters
295,Tournament Checkers
296,3D-Pac Plus
296,Pingwinek
296,Plantblaster
296,Popeye (PCS)
296,QS Reversi
296,Sheep-Race
296,Videostop
296,Zjadacz
297,Hot Dice
297,Poker Solitaire
297,Smack (R. Curzon)
297,Snap
297,Space Panic
297,Spacerun
297,Squeeeeze !!!
297,Tapper (Casette Version)
297,Track N Field
297,Tri Peaks XE
297,Tron II
298,Battlezone
298,Bons Bond
298,Boulder Dash XI
298,Crazy Eights
298,Cubico
298,Dodge Racer
298,Frisky Tom
298,Galaxy Defender
298,Go Cart
298,Green Fingers
298,Hex War
298,Shooting Gallery
298,Space Combat
299,Liga Polska
299,Looney Tunes Hotel
299,Memorice
299,Monex
299,Nightmare Manor
299,Sileny Zlodej
299,The KGB Kill
299,The Tomb of Death
300,Last of the Dragons
300,Nightraiders (Title Version 2)
300,Nuclear Reactor
300,Pogotron
300,Puzzle Pleasure
300,Reversi !
300,Satarn Saturn
300,Smurf !
300,Sport Goofy
300,Stoneguard
300,Suicider
300,Telespiel
300,Tetrys
300,The Phoenix Game
301,Bandit Boulder Dash 4
301,Bandit Boulder Dash 5
301,Bandit Boulder Dash 6
301,Bandit Boulder Dash 33
301,Bandit Boulder Dash 34
301,Bandit Boulder Dash 35
301,Bandit Boulder Dash 36
301,Realsports Basketball
301,Ruins
302,A.E.
302,Bandit Boulder Dash 37
302,Bandit Boulder Dash 38
302,Bandit Boulder Dash 39
302,Bandit Boulder Dash 40
302,Bandit Boulder Dash 41
302,Bandit Boulder Dash 42
302,Bandit Boulder Dash 43
302,Cleaver
302,Microgammon SB
303,Bandit Boulder Dash 44
303,Bandit Boulder Dash 45
303,Bandit Boulder Dash 46
303,Bandit Boulder Dash 47
303,Bandit Boulder Dash 48
303,Bandit Boulder Dash 49
303,Bandit Boulder Dash 50
303,Bandit Boulder Dash 51
303,Meteorites
304,As You Like It
304,Fuzzy
304,Patent Pole Position Version 06
304,Patrol 'Xal' Alpha
304,Rad Zone
304,Rats!!! Rats!!! Rats!!!
304,Realsports Baseball
304,Reflex
304,Satalite
304,Xari Arena
305,Ace of Clubs
305,Air Ball
305,Ants in your Pants
305,Cecil
305,Darts (Blue Ribbon Software)
305,Friday Slalom
305,Jigsaw
305,Miniature Golf (5200)
305,Mr. T's 'Pussy Galore'
305,Reefer Madness
305,Zing
306,Asteroid Battle
306,Bibber
306,Castle Quest
306,Ed-Ball
306,Flash
306,Mongo
306,Pacemaker
306,Sudden Death
306,The Apple Tree
307,Balloon Crazy !
307,Cosmic Invasion
307,Dam Trouble
307,Denis Through The Drinking Glass
307,Diamond Mine (Sydney Brown)
307,Diamonds (Frank Priggert)
307,Dimension Wizards
307,Drop
307,Fizz Buzz
307,Galaxian (Sawfish Software)
307,Goetter
307,Greedy Caterpillars
308,Joe's Adventure
308,Kason's Tower
308,Krebs Removal
308,Lunar Lander
308,Lunar Lander (Adventure International)
308,Lux
308,Marble Magic
308,Marbles
308,Meteor (Germ-Soft)
308,Millipedes
308,Moon Shuttle (G. Ryan)
308,Nightmare Maze
308,One on One !
308,Operation: Sabotage
308,Road Toad
309,Barge
309,Blackbird
309,Copy-Cat
309,Escape from Perilous
309,Orson
309,Orson Editor
309,Othello (Graeme Miller)
309,Overblow
309,Overheard !
309,Owari
309,Pogo
309,Reversi (Thorn Emi)
309,Skull Chase
309,Stellar Arena
309,Tetris (S. Brabec)
310,Battalion Commander
310,Beachcomber
310,Break It
310,Bridge Crosser
310,Bull and Cow
310,Caves of Ice
310,Chopper
310,Leaping Larry
310,Little Frog
310,Magic
310,Moving Maze
310,The Train Game
310,Timewarp
310,Train Crazy
310,Vegas Poker
311,Lancelot - The Hunt of Holly Gral
311,Maniac Mover !
311,Mega Maze
311,Moon Lander II
311,Odieus' Quest for the Magic Flingshot
311,Paratrooper
311,Reaxion
311,Rescue Sub
311,Ribbit !
311,Teacher Killer
312,Asteroid Storm
312,Battleship
312,Battle Ships (John Foskett)
312,Boulder Dash XII
312,Burger Time
312,Compute 4
312,Crazy Cobra
312,Daredevil !
312,Darkstar (Title Version)
312,Munchers
312,Quest
313,Bugout
313,Dungeon Duel
313,Gravity
313,Guardian Adventure
313,Gunfight (H.C. Wagner)
313,Harnafratz 1: Das Buch der Zeit
313,Hoehlen Gnom
313,Hoppo
313,J.R.'s Dots
314,Jeopardy
314,Life
314,Rocket Raiders
314,Sabotage
314,Skate Crazy
314,Smok
314,Solo (Demo)
314,Speed Demon !
314,Stunt Clown
314,Super Miner
314,Thinx (Demo)
314,Twenty-One
314,Wa-Tor
315,Blitz
315,Burger Boy !
315,Memory Match
315,Meteor-Attack
315,Mole Attack
315,Mr. Grumpy
315,Mt Rock
315,Overflow
315,Resistors
315,Roto-Wrench
315,Starsector Defense
315,Star Venture
315,Talisman
315,The System
315,Wordmaker
316,Bumpomov's Dogs
316,Chopper !
316,Duck Gallery
316,Duel II
316,Gallery
316,Getris (130 XE)
316,Goble-Snake
316,Key-Man
316,Pebbles
316,Space Station
316,Space Station - Multiplication
316,Termite !
316,The Solar System
317,Blockbuster
317,Chopper Mission
317,Diamond Dave
317,Flood (Final Version)
317,Glip
317,Jellyfish
317,Lumberjack
317,Math Encounter
317,Money Pouch
317,Road Jump
317,Slammer
317,Stroq
317,The Great Maine to California Race
317,Tiger
318,Aliens Genocide
318,Depth Charge
318,Doggies
318,Escape
318,Freeway Ace !
318,Gangsters
318,Kooky's Quest
318,Maze Maniac
318,Missile Math
318,Oil-Panic
318,Scorpions !
318,Sexquix (130 XE)
318,Split der Taucher
318,Tight-Lines
319,Bertie
319,Bull Ant
319,Card Grabber (Multi-Joy)
319,Gravitar
319,Knife Edge
319,Let's Bubble !
319,Miner 2059er
319,Racing
319,Sudoku
319,Tombstone City
319,Track Star
319,Zauberball
320,21 Blackjack
320,Adventure !
320,Flop and Flip
320,House of Secrets
320,Let's Hop (Advanced Version)
320,Lunar Lander 2
320,Outland Quest Adventure #1 - Dungeons of Oti
320,Shit Alpin 2005
321,Grid
321,Ms. Bulimia
321,Perly Szeherezady
321,Quest for Eternity
321,Revenger
321,Top Secret (130 XE)
322,Arkadia
322,A.R.O.P. (Another Ripoff Of Pacman)
322,Astro4 Road
322,Caverns of Nala
322,Farao
322,Flowers Mania
322,K*Bert
322,Laser Wars
322,Lunar Patrol
322,Nypy
322,Submarine Hunter
322,Tyrants of Torment
322,Warlords (Michael Guntersdorfer)
323,Arno Boulder Dash 1
323,Arno Boulder Dash 2
323,Arno Boulder Dash 3
323,Arno Boulder Dash 4
323,Arno Boulder Dash 5
323,Arno Boulder Dash 6
323,Exploding Boulder Dash
323,Santa's BD Party
324,Arno Boulder Dash 7
324,Arno Boulder Dash 8
324,Arno Boulder Dash 9
324,Arno Boulder Dash 10
324,Arno Boulder Dash 11
324,Arno Boulder Dash 12
324,Arno Boulder Dash 13
324,Arno Boulder Dash 14
325,Arno Boulder Dash 15
325,Arno Boulder Dash 16
325,Arno Boulder Dash 17
325,Arno Boulder Dash 18
325,Deflektor
325,Fujiama Run
325,Nibbly
325,Vulcano
326,Atari Greed
326,Car Crazy
326,Die Mission
326,Firefox Boulder Dash 1
326,Firefox Boulder Dash 2
326,Firefox Boulder Dash 3
326,Firefox Boulder Dash 4
326,Glibber !
326,Launch Code
326,Upward
327,Firefox Boulder Dash 5
327,Firefox Boulder Dash 6
327,Firefox Boulder Dash 7
327,Firefox Boulder Dash 8
327,Firefox Boulder Dash 9
327,Firefox Boulder Dash 10
327,Firefox Boulder Dash 11
327,Firefox Boulder Dash 12
327,Firefox Boulder Dash 13
328,Firefox Boulder Dash 14
328,Firefox Boulder Dash 15
328,Firefox Boulder Dash 16
328,Firefox Boulder Dash 17
328,Firefox Boulder Dash 18
328,Firefox Boulder Dash 19
328,Firefox Boulder Dash 20
328,Firefox Boulder Dash 21
328,Firefox Boulder Dash 22
329,Firefox Boulder Dash 23
329,Firefox Boulder Dash 24
329,Firefox Boulder Dash 25
329,Firefox Boulder Dash 26
329,Firefox Boulder Dash 27
329,Firefox Boulder Dash 28
329,Firefox Boulder Dash 29
329,Firefox Boulder Dash 30
329,Firefox Boulder Dash 31
330,Firefox Boulder Dash 32
330,Firefox Boulder Dash 33
330,Firefox Boulder Dash 34
330,Firefox Boulder Dash 35
330,Firefox Boulder Dash 36
330,Firefox Boulder Dash 37
330,Firefox Boulder Dash 38
330,Firefox Boulder Dash 39
331,Firefox Boulder Dash 40
331,Firefox Boulder Dash 41
331,Firefox Boulder Dash 42
331,Firefox Boulder Dash 43
331,Firefox Boulder Dash 44
331,Firefox Boulder Dash 45
331,Firefox Boulder Dash 46
331,Firefox Boulder Dash 47
332,Firefox Boulder Dash 48
332,Firefox Boulder Dash 49
332,Firefox Boulder Dash 50
332,Firefox Boulder Dash 51
332,Firefox Boulder Dash 52
332,Firefox Boulder Dash 53
332,Firefox Boulder Dash 54
332,Firefox Boulder Dash 55
333,Alien Attack
333,Frogger II - Sewer Level
333,War
333,Wilde 15
333,Yie Ar Kung Fu (320 XE)
334,Bubble
334,Magic Escape
334,Mario Bros. XE (130 XE)
334,Maze
334,OiX
334,Pongblast
334,Super Ball III
335,Battlezone (130 XE)
335,Boulder Dash III
335,Castle Martian
335,Expedition
335,Homonimos
335,Hyperball
335,Kirschen Karl
335,Super Ball IV
335,Xmas House
336,Biker Dave
336,Hyperblast
336,Jupiter Lander
336,Pondering About Max's
336,Pondering About Max's - Barroom Brawl
336,Pondering About Max's - The Dream
336,Vultures III
336,Well
337,Anduril
337,Atlantis Boulder Dash
337,Crownland (Preview)
337,Dr. Tom's Castle
337,Gladiator (General Masters Corporation)
337,Miami Ice
337,Radical Rupert
337,Skull Island
337,Space Dodger
337,Tower Toppler (130 XE)
337,Wildwest
338,Bergshooting
338,Bomb Hunter
338,Cavernrunner
338,Light Up !
338,Magic (Tensoft)
338,Mrs. Rockford Dash
338,Rodent Revenge
338,Scorpions V2.0
338,The Game of Jericho
339,Accion
339,Dotter Dash 06
339,Dotter Dash 07
339,HeadOn
339,Plague Attack
339,Rockford im Nimmerland
339,Rocki Rockano im Lolli Land
339,Sensemann Dash
339,Voyage to Home
340,Burger Chef
340,Copter Cave
340,Froggman
340,Naughty Gnom's Great Adventures
340,Odysseus
340,Pac Boulder
340,Swop
340,The Son of Rockford
340,Water-Eat 01
341,Arno Boulder Dash 19
341,Arno Boulder Dash 20
341,Exploding Boulder Dash 2
341,Leap'in Lizards !
341,The Archers - Part 1
341,The Archers - Part 2
342,Agonia
342,Sudoku Sweep
342,The Archers - Part 3
342,The Archers - Part 4
343,Blackjack (Frank Daniel)
343,Destrukszon Flower
343,Easa-II
343,El-Dorado
343,Green Paras
343,Hammer Head
343,Mind Blast
343,Peggammon
343,Speed up!
343,Venus Express
343,Zulu Warpath
344,Commando+ (320 XE)
344,Mike's Slot-Machine
344,Paranoia
344,Robot Dungeon
344,Wandering
345,Bugrunner
345,Crime Buster (320 XE)
345,Robot Battle !
345,Santa's Revenge
345,Space Bombs
346,Crossbow (320 XE)
346,Danger Cross Walk
346,Hexan
346,The Seven Skulls
346,"Za Duzo, Za Malo"
347,A Hacker's Night
347,Bang Pong
347,Belljumper
347,Desert Falcon (130 XE)
347,Gangsters (Fly)
347,Ghost II
347,Hubert
347,Jetboy
348,Caverns of the Lost Miner
348,Helliman
348,Junk Yard
348,Magia (Title Version)
348,Multi Worms
348,Rockmania
348,Sniper
348,The Justice
348,Toskanec
349,Agent 08/15
349,Amnesia
349,Atomit
349,Coloid
349,Cosmic Crusaders
349,Crazy Ed
349,Mike's Slot-Machine Version II (Title Version)
349,Pad
350,Crownland (130 XE)
350,Eckn
350,Game Harry
350,Jinks (Title Version)
350,Johnny the Ghost (Drachensoft)
350,Yoomp !
351,Atomit II
351,Jet Set Willy 2007
351,Klocki
351,Quader-Mania
351,Speed up!! Gold Edition (130 XE)
352,Cavernrun
352,Danny's Mirror Magic
352,Grom
352,Knight Lore
352,Kolorest
352,Metagalactic Llamas
352,Robbo Boss
352,The Podz
352,Vioris
353,Growing Pains of Adrian Mole - Part 1
353,Growing Pains of Adrian Mole - Part 2
353,Growing Pains of Adrian Mole - Part 3
353,Growing Pains of Adrian Mole - Part 4
353,Pongo
353,Swapz
354,Assault Force
354,Bomb Jack (320 XE)
354,Desert Race
355,Air Defense
355,Bong
355,Bubble Zone
355,Cave Crisis
355,Das erste deutsche D&D Adventure
355,DeRe Pac-Man
355,Fireball 1K
355,Jack The Digger
355,Little Green Thingies from Space
355,Plate Arts
355,Raim
355,Rear Guard
355,Schatzhoehle
355,Scrids II
355,Space Maze
356,Animal Party
356,Arcade Attack
356,Blackbox
356,Denk & Schieb
356,Hobgoblin
356,Karate Master
356,Logik (Tajemnic Atari)
356,Loops of Zen
357,Bump
357,Click!
357,Liner!
357,Night Driver
357,Sneek
357,Sudoku (Isaac Davis)
357,Tempest Xtreem (Demo)
357,Yargos Dilemma Pt 2
358,Dirty Harry Pinball
358,Drol (130 XE)
358,Galactic Defender
358,Jumpman #1
358,Mr. Robot Plus
358,Phantom (130 XE)
358,Rocket Man
358,Woorly the Worm
359,Afro Ball
359,Balloon Pop
359,Beta Fighter
359,Beton Panik
359,Do Akcji
359,Lazer Feds
359,Mr. Blue's Memory
359,Patience
359,Scromber
359,Tiny Mite
360,Atoms
360,Creepers
360,Deflektor II
360,Jack Pot
360,Mines
360,Recount
360,Space Ball
360,Sssnake It!
361,Boulder Dash 25th Annyversary 1984-2009
361,Doc Wire's Solitaire Edition
361,Galaxian (XXL)
361,H3X0R
361,Labirynt
361,Loops DX
361,Puzzler
361,Robbo Forever
361,Space City
362,Convention
362,Dratewka the Shoemaker (130 XE)
362,Micro-Environ
362,Pipeline (Chris Guise)
362,Plantation
362,Yar's Strike
363,Metrodome
363,Micro-Dash
363,Micro-Dash II
363,Night Shade
363,Robbo after 20 years
363,Rubber Ball
363,Space Arena
363,Tetricize
363,The Road Machine
363,Yoomp ! (NTSC Version)
364,Attack at EP-CYG-4 - Denor Ozo
364,Bertyx
364,Cavern Commander
364,Chopper Rescue
364,Chopper Rescue (Geoffrey Storey)
364,Electro Maniac !
364,Space Binvaders
364,Suzi Head Goes To War
364,The Adventurer
364,Tonguebath Tommy Meets The Killer Bees
364,Wargle !
365,Astrowarp
365,Devilator
365,E=MC2
365,EORoid
365,Ghost
365,Gorilla Warfare
365,Hong Kong
365,Last Flight of the Phoenix
365,Plasma
365,Puzmania (Sal)
365,Tangerine Pinball
366,Duck Arrow Balloon
366,Line-Up
366,Mastertype
366,Operacja 'Pustynna Burza'
366,Panik Paul
366,Square
366,Ultima II
367,J.R.'s Oil Fight
367,Pain
367,Puzzle-Mania
367,Rasenmaeher
367,Satellite
367,Star-Castle
367,Super Snake
367,Ultima III
367,Warsaw City
368,Blastermind
368,Dr. Mario
368,Harvey
368,Hoehlen von Pluto
368,Klony 2010 (130 XE)
368,Montezuma Strikes Back
369,Bright Eyes
369,Chess (John Krause)
369,Colourtris
369,Geewizz
369,Larkanoid
369,Tactwar
369,Texas
369,The Nutty Professor
370,Ashido
370,Hugojagd XL
370,Jumping Ghost
370,Kross
370,One Life
370,Puzzlito
370,Screwball
370,Space Fighter
370,Space Walker
370,Tag!
370,Viper (Ilmenit)
371,Apple Invaders
371,Cubic Games
371,Diamondz
371,Dracula Lives
371,Flop Super Ball
371,Fruitmania
371,Jolly
371,Miny (Leosoftware)
371,Poker
372,Jump-Pac
372,Mean 18+ (320 XE)
372,Mouse
372,Sinistar
373,ATARI-Socoban
373,Attack at EP-CYG-4 (Disk Version)
373,Breakout-Duell
373,Chopper Chase
373,Chopper Raid
373,Kosmonauti
373,Matematyka
373,Tron (Timo Toengi)
373,Wookie Zookie
374,Atalan The Snake
374,Atalan Sokoban
374,Atalan Tetris
374,Glut !
374,Jewels
374,Little '15'
374,Matchbox
374,Space Bar
374,The Whipping Top
375,Jurassic Gold
375,Schaik Dash 01
375,Schaik Dash 02
375,Schaik Dash 03
375,Schaik Dash 04
375,Schaik Dash 05
375,Schaik Dash 06
375,Schaik Dash 07
375,Schaik Dash 08
376,Robbo Lutry
376,Robbo Lutry II
376,Schaik Dash 09
376,Schaik Dash 10
376,Schaik Dash 11
376,Schaik Dash 12
376,Schaik Dash 13
376,Schaik Dash 14
377,Robbo Lutry III
377,RTA Dash
377,RTA Dash 2
377,RTA Dash 3
377,RTA Dash 4
377,RTA Dash 5
377,RTA Dash 6
377,RTA Dash 7
378,Boulder Dash 1+
378,Boulder Dash 2+
378,Boulder Dash 3+
378,Mandarinov Hlavolam
378,Sendydash Volume One
378,Sendydash Volume Two
378,Sendydash Volume 3
379,H3X0R deluxe
379,Jewel Bits
379,Milk Nuts
379,Ocean Detox
379,Robix
379,The Moving Cubes
380,Donny 2
380,Gwobby Strikes Back !
380,Race Trap
380,Rocket Boy
380,Slurp
380,Taxi
380,The Magical Rolling Stones
380,Tomcat
381,Chopin 2010
381,Confuzion
381,Go Elwood Go!
381,MIDImaze (320 XE)
381,Mission X
382,Das U-Boot
382,Gilp
382,Mission: ArSoft
382,Robbo Lutry IV
382,Robbo Lutry V
382,Robot T-58
382,Sky-Scraper Action
382,Spectipede
383,Bogen
383,Crisis Mountain
383,CTetris4G1
383,Gun Tris
383,MJR Boulder Dash
383,MJR Boulder Dash 2
383,Music Memory
383,Realm of Impossibility
384,Cherry Harry II
384,Danger Hunt
384,Demon Dungeon
384,Dr. Mindwarp
384,Fruit Poker
384,Goff
384,Kah
384,Mashed Turtles
384,Poker 7
384,Pokermaschine
384,Rollerball II
384,Sir Ed
384,The Dreadnaught Factor II
384,Wombel
385,Cropky (130 XE)
385,Dino
385,Dysc i Sikawica (Lightpen)
385,Push !
385,Small Reversi
385,Zett (z)
386,Blah Blah
386,Narciarzyki
386,Octopus
386,Patrol in the Space
386,Quad
386,River Raid 2K11
386,Robbo B
386,Slime Blasters
386,Squash
387,23D
387,BSM Boulder Dash
387,Cannon Duel
387,Dash
387,Escaper
387,Frantic Ball
387,Frogger (Vers.2)
387,Outer Space Attack
387,S.A.B.O.T.A.G.E.
387,Straussenkampf
387,The Finder
387,Thinx
388,Fester's Quest
388,Frogs
388,Marbled
388,roxblox
389,Bomber Beauregard
389,Byx-Man
389,Gag
389,Mighty Jill Off
389,Parachute 2011
389,Star Road
390,Assasins Cove
390,Boulder Dash Mugen 1
390,Boulder Dash Mugen 2
390,Boulder Dash Mugen 3
390,Castle Keeper
390,Classy Chassy
390,Moonstone
390,Parachute
390,Picard
390,Tower of Flames
391,Clay Pigeon Shoot
391,Exterminator
391,Light Cycles
391,Plan B
391,Psyclotron
391,Rent Wars
391,Repossed
391,Rocket Rescue
391,Solitaer
392,Amaurote+
392,Gowno spadajace w dol
392,Luki Lak
392,Oilgame Deluxe
392,Pac-Man (Arcade Version)
392,Snakes of Atari Island
392,Tedecujace Starcie
393,Asteroids Emulator
393,Callisto
393,HAR'em
393,Line Runner
393,MazezaM
393,Order It
393,Ridiculous Reality
394,Bioptronid
394,Blockbreaker
394,Boulder Dash Mugen 4
394,Bumpong
394,Catch A Letter!
394,Home Tennis
394,Hopp 2012
394,Master Mind
394,Midnite Magic
394,Seaquest
394,Tube Mania
395,Boulder Dash Mugen 5
395,Boulder Dash Mugen 6
395,Boulder Dash Mugen 7
395,Boulder Dash Mugen 8
395,Dice 2013
395,Pani Basia z Klatki B.
395,Space Fighter Version II
396,Tre Robbo 01
396,Tre Robbo 02
396,Tre Robbo 03
396,Tre Robbo 04
396,Tre Robbo 05
396,Tre Robbo 06
396,Tre Robbo 07
396,Tre Robbo 08
396,Tre Robbo 09
396,Tre Robbo 10
396,Tre Robbo 11
396,Tre Robbo 12
396,Tre Robbo 13
396,Tre Robbo 14
397,Mini Robbo
397,Robbo dla Orlat
397,Tre Robbo 15
397,Tre Robbo 16
397,Tre Robbo 17
397,Tre Robbo 18
397,Tre Robbo 19
397,Tre Robbo 20
397,Tre Robbo 21
397,Tre Robbo 22
397,Tre Robbo 23
397,Tre Robbo 24
397,Tre Robbo 25
397,Tre Robbo 26
398,ATARI Memory
398,Ghastly Night (130 XE)
398,Keep on Koastin'
398,Oxygen for Life
398,Paul and the Dummy
398,Robomash
399,Another Stupid Game
399,Balz
399,Mahjong XE
399,Race Against Time
399,Robo Type
399,The Rockies
400,Alien 8
400,Jumping Ball
400,Mine Runner
400,Sword Thrust
400,TL Cars (130 XE)
401,Assembloids XE
401,Battle Eagle
401,Deathchase XE
401,Rolltris
401,X:8
401,Xirius Defect
402,Boulder Dash Mugen Extra Caves
402,Heli in the Caves
402,Kiki Pong
402,Surf's Up
402,The Hunt
403,Amaurote 128 (130 XE)
403,Asteroidz
403,Attack of the Mutant Pigeons
403,Dev War
403,Jan Ken Pon
403,Munching Mandy
403,Piranha (J. Croudy)
403,Sumator
404,Caveblaster
404,Galaga
404,Helicops
404,Heli in the Caves (Extended Edition)
404,Lunar Blitz
404,Perplexity
404,Stampede
404,The Horde
405,Exoter
405,Floppy Bird
405,Lunar Jetman
405,Night Escape
405,Thetris
405,Xirius Defect XXL
406,7er Pinball
406,Jump !!!
406,Oelsuche
406,Pixeroids
406,Poor Ball !
406,Queen of Hearts
406,Speedmaza
406,Sub Chase
406,Twenty Forty Eight
407,Aliens
407,Dimo's Quest in ABBUC Land!
407,Hide and Seek
407,Joe Painter
407,Nemezyro
407,Ransack!
407,RGB
408,Boulder Dash Mugen 9
408,Boulder Dash Mugen 10
408,Boulder Dash Mugen 11
408,Catch The Skull
408,Duchoskoczek
408,Radioactive Shit Happens!
408,Rest in Peace: You Only Live Once
408,Robbo Marik 1
408,Robbo Marik 2
408,Robbo Marik 3
408,Tre Robbo 27
408,Tre Robbo 28
408,Tre Robbo 29
408,Tre Robbo 30
409,Tre Robbo 31
409,Tre Robbo 32
409,Tre Robbo 33
409,Tre Robbo 34
409,Tre Robbo 35
409,Tre Robbo 36
409,Tre Robbo 37
409,Tre Robbo 38
409,Tre Robbo 39
409,Tre Robbo 40
409,Tre Robbo 41
409,Tre Robbo 42
409,Tre Robbo 43
409,Tre Robbo 44
410,Birdfood
410,Boulder Dash Mugen 12
410,Problem Jasia (130 XE)
410,Problem Jasia 2 (130 XE)
410,The Great Return of the Penguins
410,Treasure Island Dizzy (130 XE)
411,D.I.T.C.H.
411,Strictly Gone Bananas
411,Trolls (130 XE)
412,ABC
412,Boulder Dash Mugen 13
412,Boulder Dash Mugen 14
412,Boulder Dash Mugen 15
412,Dimo's Quest in ABBUC Land! (New Year 2015 SE)
412,Jurassic Park II
412,Mary Poppins
413,Bomb Jack
413,Boulder Dash Mugen 16
413,Chimera+
413,Cyborg (130 XE)
413,Ghost Driver
413,Lava Run
413,Sexy Six (130 XE)
414,Balla-Balla
414,Ball Harbour
414,Briky
414,Gallery of Death
414,Gruczol Grubasa
414,Hubi
414,Piggy Bank
414,Realistic Internet Simulator
414,Soko-Ban
414,Szybki Bill
414,WDYDN?
415,Biedny Pies Antoni 3
415,Boulder Dash Mugen 17
415,Captain Underground
415,Crazy Maze Race
415,Curse of the Lost Miner
415,Curse of the Lost Miner - UG Madness Challenge
415,Jawbreaker 2
415,Rockball
415,Scooby-Doo! Where Are You!
415,Wkorwek
416,Ace of Aces (130 XE)
416,Enemy Mine
416,Panic (Noahsoft)
416,Popeye (5200)
416,Sprint 1
416,T.N.T. Terror !
416,Turbo Snail
417,Emerald Isle
417,Mineswiper
417,Quarrion
417,Robbo 4
417,Sokobar
417,The Math Works - Subtraction
417,The Saga of Erik the Viking
418,3plex
418,AtariNet
418,Bomber
418,Jim Slide
418,Oczoplas
418,The Great Escape
418,Toy' Swap
419,Gridrunner
419,Jelly Beans
419,Joystick Mastah
419,Litle Game
419,Speedway One
419,"Tecno Ninja (25 Years Anniversary Edition, 130 XE)"
420,Blowsub
420,Codeman
420,E-Type (130 XE)
420,Lost in Space
420,Nessie
420,Saboteur
421,Booby Jackpot (130 XE)
421,Koza Fighter
421,Mini-Race
421,Quadrotron (Multi-Joy)
421,Snake
422,Duszpasterz Jan Rzygon (320 XE)
422,Mouse Party (Multi-Joy)
422,Olewka
422,Rubacka vo kopec (Multi-Joy)
422,Star Raiders II (Aric Wilmunder)
423,Bobby Bearing
423,Broad's Revenge
423,Eckn+ 2015
423,Fleas !
423,F*ck Man
423,Galaxia
423,Grim Ritual
423,Mensch aergere dich nicht
423,Picture Parts
423,Where's my cheese ?
424,Belegost
424,Manic Miner
424,Meebzork
424,Muxeso
424,Pentagram
424,Same Game
424,Zerox
425,5 Dots
425,Cyctriks
425,Fishy Guidelines (Wytyczne Rybne)
425,Much Blastesz
425,Robbo SWS - The best of
425,Sarepska - The Game
425,Twin Cars
425,Warsaw City+
426,Alpha / Numeric
426,Devil's Domain
426,Duch (Mirage)
426,Dzien szurpatego
426,Earth 2500
426,Panga Ponga
426,Ratcatcher
426,Simon ! (H.V. Doan)
427,Atari Blast ! (1MB RAM)
427,Tre Robbo 45
427,Tre Robbo 46
427,Tre Robbo 47 - Part 1
427,Tre Robbo 47 - Part 2
428,Robbo SWS - Magnetic
428,Tre Robbo 48
428,Tre Robbo 49
428,Zombie Attack !
429,Dimo's Dungeon
429,Dye
429,Get Up !
429,Name this Game
429,Rain of Terror
429,Skyscraper
430,1K Atascii Blaster
430,Actris !
430,Pang (320 XE)
430,The Monk
431,Keyboard Master
431,"Laura (Polish Version, 130 XE)"
431,Robbo Galaktyka G-01
431,Spycat
432,At Arion Line - Mission Zero
432,Big Mess
432,Clever & Smart in 'Geheimer Mission'
432,Eist
432,Ratcatcher (Multi-Joy)
432,Saracen
433,Adventure
433,Bored of Floppy
433,Crazy Egon 2
433,CX2626 Miniature Golf
433,Fairlight
433,Joe Painter 2 - Deeper Walls
433,Kaverns of Kfest
433,mini-Slots
433,Raiders of the Lost Ark
433,Sokomaniac
434,Boing !
434,GravZoo
434,Gunfright
434,"Laura (German Version, 130 XE)"
434,Tre Robbo 50
434,Udders
434,Zoo Food !
435,Black Rescue
435,Crazy Cat
435,Decipede
435,Don't Go !
435,Hot & Cold Adventure (130 XE)
435,Podskoczek
435,Space Ranger
435,Time Pilot
435,Vox Regis
436,Diamondz 2
436,Scapeghost - Part 1
436,Scapeghost - Part 2
436,Scapeghost - Part 3
436,Spellbinder
437,Ate'em All (Multi-Joy)
437,"Laura (English Version, 130 XE)"
437,Multi Loops
437,Pac-Mad
437,Piekieleczko
437,Tensor Trzaskowskiego
437,Tre Robbo 51
,0 Grad Nord
,221B Baker Street
,Abenteuer in Schottland
,Adventure 1: 'Adventureland'
,Adventure 2: 'Pirate Adventure'
,Adventure 3: 'Mission Impossible'
,Adventure 4: 'Voodoo Castle'
,Adventure 5: 'The Count'
,Adventure 6: 'Strange Odyssey'
,Adventure 13: 'Sorcerer of Claymorgue Castle'
,Alptraum
,Alternate Reality - The City
,Alternate Reality - The Dungeon
,Asylum
,Atlantis
,Ballyhoo
,Bandits
,Bismarck - The North Sea Chase
,Bop'n Wrestle
,Brimstone - The Dream of Gawain
,Caverns of Callisto
,Conan
,Cromwell House
,Crusade in Europe
,Cutthroats
,Cyborg
,Deadline
,Deja Vu - Die phantastische Geschichte
,Der Ring der Nibelungen
,Detektiv Ray Cooper in 'Der leise Tod'
,Die dunkle Macht des Unriagh
,Eggnapper
,Enchanter
,Essex
,Fight Night
,F.R.E.E.
,Gruds in Space
,Gunslinger
,Hawkquest
,Herbert
,Herbert II
,Hi-Res Adventure #0 - Mission Asteroid
,Hi-Res Adventure #2 - The Wizard and the Princess
,Hi-Res Adventure #4 - Ulysses and the Golden Fleece
,Hi-Res Adventure #6 - The Dark Crystal
,His Dark Majesty
,Hollywood Hijinx
,Jim Slide XL
,Jinxter
,Jumpman
,Lapis Philosophorum
,Leather Goddesses of Phobos
,Loaded Brain
,Lucifer's Realm
,Mail Order Monsters
,Mindshadow
,Mindwheel
,Moonmist
,Mord an Bord !
,Murder on the Zinderneuf
,Mystix - World of Horror
,Mystix II - Das Strandhaus
,Mythos
,Operation Blood
,Pirates of the Barbary Coast
,Planetfall
,Plundered Hearts
,Project Fire Blast - The Battle of Zegadon
,Puzmania
,Questprobe 1: The incredible Hulk
,Questprobe 2: Spiderman
,Questprobe 3: Fantastic Four
,Saigon the Final Days
,Seastalker: ... and the Ultramarine Bioceptor
,Sereamis
,Seven Cities of Gold
,Sorcerer
,Space Harrier
,Special Forces
,Spellbreaker
,Starcross
,Stationfall
,Suspect
,Suspended
,T-34 The Battle (130 XE)
,Taam
,The Adventures of Buckaroo Banzai
,The Blade of Blackpoole
,The Brundles
,The Curse
,The Dallas Quest
,The Day After
,The Guild of Thieves
,The Hitchhiker's Guide to the Galaxy
,The Institute
,The Lurking Horror
,The Mask of the Sun
,The Neverending Story
,The Pawn
,The Quest
,The Quest of the Space Beagle
,The Sands of Egypt
,The Serpent's Star
,The Witness
,Time and Magik trilogy
,Transylvania
,Unriagh II - Der Zeitbandit
,Wishbringer
,Zork I: The Great Underground Empire
,Zork II: The Wizard of Frobozz
,Zork III: The Dungeon Master